BRAND,Price_Tier,WEEK,Sum,DATE
Budweiser,CubFighter,91,21,6/06/1991
Budweiser,CubFighter,92,21,06/13/1991
Budweiser,CubFighter,93,20,06/20/1991
Budweiser,CubFighter,94,19,06/27/1991
Budweiser,CubFighter,95,21,7/04/1991
Budweiser,CubFighter,96,30,7/11/1991
Budweiser,CubFighter,97,35,07/18/1991
Budweiser,CubFighter,98,23,07/25/1991
Budweiser,CubFighter,99,19,8/01/1991
Budweiser,CubFighter,100,22,8/08/1991
Budweiser,CubFighter,101,28,08/15/1991
Budweiser,CubFighter,102,23,08/22/1991
Budweiser,CubFighter,103,15,08/29/1991
Budweiser,CubFighter,104,23,9/05/1991
Budweiser,CubFighter,105,21,9/12/1991
Budweiser,CubFighter,106,22,09/19/1991
Budweiser,CubFighter,107,17,09/26/1991
Budweiser,CubFighter,108,12,10/03/1991
Budweiser,CubFighter,109,16,10/10/1991
Budweiser,CubFighter,110,23,10/17/1991
Budweiser,CubFighter,111,9,10/24/1991
Budweiser,CubFighter,112,15,10/31/1991
Budweiser,CubFighter,113,23,11/07/1991
Budweiser,CubFighter,114,18,11/14/1991
Budweiser,CubFighter,115,22,11/21/1991
Budweiser,CubFighter,116,14,11/28/1991
Budweiser,CubFighter,117,17,12/05/1991
Budweiser,CubFighter,118,13,12/12/1991
Budweiser,CubFighter,119,13,12/19/1991
Budweiser,CubFighter,120,20,12/26/1991
Budweiser,CubFighter,121,18,1/02/1992
Budweiser,CubFighter,122,6,1/09/1992
Budweiser,CubFighter,123,11,01/16/1992
Budweiser,CubFighter,124,12,01/23/1992
Budweiser,CubFighter,125,9,01/30/1992
Budweiser,CubFighter,126,14,2/06/1992
Budweiser,CubFighter,127,5,02/13/1992
Budweiser,CubFighter,128,9,02/20/1992
Budweiser,CubFighter,129,7,02/27/1992
Budweiser,CubFighter,130,9,3/05/1992
Budweiser,CubFighter,131,7,3/12/1992
Budweiser,CubFighter,132,6,03/19/1992
Budweiser,CubFighter,133,2,03/26/1992
Budweiser,CubFighter,134,6,4/02/1992
Budweiser,CubFighter,135,4,4/09/1992
Budweiser,CubFighter,136,7,04/16/1992
Budweiser,CubFighter,137,18,04/23/1992
Budweiser,CubFighter,138,13,04/30/1992
Budweiser,CubFighter,139,23,5/07/1992
Budweiser,CubFighter,140,19,05/14/1992
Budweiser,CubFighter,141,11,05/21/1992
Budweiser,CubFighter,142,14,05/28/1992
Budweiser,CubFighter,143,13,6/04/1992
Budweiser,CubFighter,144,12,6/11/1992
Budweiser,CubFighter,145,16,06/18/1992
Budweiser,CubFighter,146,3,06/25/1992
Budweiser,CubFighter,147,8,7/02/1992
Budweiser,CubFighter,148,18,7/09/1992
Budweiser,CubFighter,149,15,07/16/1992
Budweiser,CubFighter,150,24,07/23/1992
Budweiser,CubFighter,151,17,07/30/1992
Budweiser,CubFighter,152,19,8/06/1992
Budweiser,CubFighter,153,22,08/13/1992
Budweiser,CubFighter,154,9,08/20/1992
Budweiser,CubFighter,155,20,08/27/1992
Budweiser,CubFighter,156,17,9/03/1992
Budweiser,CubFighter,157,15,9/10/1992
Budweiser,CubFighter,158,14,09/17/1992
Budweiser,CubFighter,159,8,09/24/1992
Budweiser,CubFighter,160,9,10/01/1992
Budweiser,CubFighter,161,9,10/08/1992
Budweiser,CubFighter,162,7,10/15/1992
Budweiser,CubFighter,163,9,10/22/1992
Budweiser,CubFighter,164,7,10/29/1992
Budweiser,CubFighter,165,13,11/05/1992
Budweiser,CubFighter,166,12,11/12/1992
Budweiser,CubFighter,167,12,11/19/1992
Budweiser,CubFighter,168,7,11/26/1992
Budweiser,CubFighter,169,9,12/03/1992
Budweiser,CubFighter,170,6,12/10/1992
Budweiser,CubFighter,171,4,12/17/1992
Budweiser,CubFighter,172,24,12/24/1992
Budweiser,CubFighter,173,8,12/31/1992
Budweiser,CubFighter,174,8,1/07/1993
Budweiser,CubFighter,175,12,01/14/1993
Budweiser,CubFighter,176,8,01/21/1993
Budweiser,CubFighter,177,14,01/28/1993
Budweiser,CubFighter,178,11,2/04/1993
Budweiser,CubFighter,179,10,2/11/1993
Budweiser,CubFighter,180,15,02/18/1993
Budweiser,CubFighter,181,17,02/25/1993
Budweiser,CubFighter,182,10,3/04/1993
Budweiser,CubFighter,183,10,3/11/1993
Budweiser,CubFighter,184,15,03/18/1993
Budweiser,CubFighter,185,13,03/25/1993
Budweiser,CubFighter,186,10,4/01/1993
Budweiser,CubFighter,187,15,4/08/1993
Budweiser,CubFighter,188,10,04/15/1993
Budweiser,CubFighter,189,8,04/22/1993
Budweiser,CubFighter,190,14,04/29/1993
Budweiser,CubFighter,191,11,5/06/1993
Budweiser,CubFighter,192,12,05/13/1993
Budweiser,CubFighter,193,10,05/20/1993
Budweiser,CubFighter,194,12,05/27/1993
Budweiser,CubFighter,195,7,6/03/1993
Budweiser,CubFighter,196,17,6/10/1993
Budweiser,CubFighter,197,17,06/17/1993
Budweiser,CubFighter,198,23,06/24/1993
Budweiser,CubFighter,199,25,7/01/1993
Budweiser,CubFighter,200,15,7/08/1993
Budweiser,CubFighter,201,17,07/15/1993
Budweiser,CubFighter,202,10,07/22/1993
Budweiser,CubFighter,203,19,07/29/1993
Budweiser,CubFighter,204,17,8/05/1993
Budweiser,CubFighter,205,14,8/12/1993
Budweiser,CubFighter,206,10,08/19/1993
Budweiser,CubFighter,207,21,08/26/1993
Budweiser,CubFighter,208,21,9/02/1993
Budweiser,CubFighter,209,17,9/09/1993
Budweiser,CubFighter,210,8,09/16/1993
Budweiser,CubFighter,211,11,09/23/1993
Budweiser,CubFighter,212,11,09/30/1993
Budweiser,CubFighter,213,11,10/07/1993
Budweiser,CubFighter,214,4,10/14/1993
Budweiser,CubFighter,215,10,10/21/1993
Budweiser,CubFighter,216,18,10/28/1993
Budweiser,CubFighter,217,14,11/04/1993
Budweiser,CubFighter,218,10,11/11/1993
Budweiser,CubFighter,220,9,11/25/1993
Budweiser,CubFighter,221,6,12/02/1993
Budweiser,CubFighter,222,12,12/09/1993
Budweiser,CubFighter,223,23,12/16/1993
Budweiser,CubFighter,224,17,12/23/1993
Budweiser,CubFighter,225,13,12/30/1993
Budweiser,CubFighter,226,11,1/06/1994
Budweiser,CubFighter,227,14,01/13/1994
Budweiser,CubFighter,228,13,01/20/1994
Budweiser,CubFighter,229,24,01/27/1994
Budweiser,CubFighter,230,12,2/03/1994
Budweiser,CubFighter,231,13,2/10/1994
Budweiser,CubFighter,232,12,02/17/1994
Budweiser,CubFighter,233,13,02/24/1994
Budweiser,CubFighter,234,17,3/03/1994
Budweiser,CubFighter,235,14,3/10/1994
Budweiser,CubFighter,236,15,03/17/1994
Budweiser,CubFighter,237,12,03/24/1994
Budweiser,CubFighter,238,15,03/31/1994
Budweiser,CubFighter,239,12,4/07/1994
Budweiser,CubFighter,240,7,04/14/1994
Budweiser,CubFighter,241,14,04/21/1994
Budweiser,CubFighter,242,12,04/28/1994
Budweiser,CubFighter,243,17,5/05/1994
Budweiser,CubFighter,244,9,5/12/1994
Budweiser,CubFighter,245,7,05/19/1994
Budweiser,CubFighter,246,32,05/26/1994
Budweiser,CubFighter,247,24,6/02/1994
Budweiser,CubFighter,248,25,6/09/1994
Budweiser,CubFighter,249,33,06/16/1994
Budweiser,CubFighter,250,15,06/23/1994
Budweiser,CubFighter,251,33,06/30/1994
Budweiser,CubFighter,252,16,7/07/1994
Budweiser,CubFighter,253,23,07/14/1994
Budweiser,CubFighter,254,23,07/21/1994
Budweiser,CubFighter,255,16,07/28/1994
Budweiser,CubFighter,256,15,8/04/1994
Budweiser,CubFighter,257,18,8/11/1994
Budweiser,CubFighter,258,21,08/18/1994
Budweiser,CubFighter,259,6,08/25/1994
Budweiser,CubFighter,260,18,9/01/1994
Budweiser,CubFighter,261,12,9/08/1994
Budweiser,CubFighter,266,16,10/13/1994
Budweiser,CubFighter,267,10,10/20/1994
Budweiser,CubFighter,268,14,10/27/1994
Budweiser,CubFighter,269,22,11/03/1994
Budweiser,CubFighter,270,19,11/10/1994
Budweiser,CubFighter,271,17,11/17/1994
Budweiser,CubFighter,272,15,11/24/1994
Budweiser,CubFighter,273,12,12/01/1994
Budweiser,CubFighter,274,10,12/08/1994
Budweiser,CubFighter,275,24,12/15/1994
Budweiser,CubFighter,276,10,12/22/1994
Budweiser,CubFighter,277,15,12/29/1994
Budweiser,CubFighter,278,10,1/05/1995
Budweiser,CubFighter,279,14,1/12/1995
Budweiser,CubFighter,280,14,01/19/1995
Budweiser,CubFighter,281,7,01/26/1995
Budweiser,CubFighter,282,10,2/02/1995
Budweiser,CubFighter,283,14,2/09/1995
Budweiser,CubFighter,286,16,3/02/1995
Budweiser,CubFighter,287,13,3/09/1995
Budweiser,CubFighter,288,19,03/16/1995
Budweiser,CubFighter,289,8,03/23/1995
Budweiser,CubFighter,290,17,03/30/1995
Budweiser,CubFighter,291,10,4/06/1995
Budweiser,CubFighter,292,16,04/13/1995
Budweiser,CubFighter,293,9,04/20/1995
Budweiser,CubFighter,294,6,04/27/1995
Budweiser,CubFighter,295,8,5/04/1995
Budweiser,CubFighter,296,9,5/11/1995
Budweiser,CubFighter,297,11,05/18/1995
Budweiser,CubFighter,298,15,05/25/1995
Budweiser,CubFighter,299,11,6/01/1995
Budweiser,CubFighter,300,18,6/08/1995
Budweiser,CubFighter,301,23,06/15/1995
Budweiser,CubFighter,302,10,06/22/1995
Budweiser,CubFighter,303,17,06/29/1995
Budweiser,CubFighter,304,20,7/06/1995
Budweiser,CubFighter,305,15,07/13/1995
Budweiser,CubFighter,306,10,07/20/1995
Budweiser,CubFighter,307,14,07/27/1995
Budweiser,CubFighter,308,8,8/03/1995
Budweiser,CubFighter,309,17,8/10/1995
Budweiser,CubFighter,310,16,08/17/1995
Budweiser,CubFighter,311,9,08/24/1995
Budweiser,CubFighter,312,13,08/31/1995
Budweiser,CubFighter,313,11,9/07/1995
Budweiser,CubFighter,314,11,09/14/1995
Budweiser,CubFighter,315,15,09/21/1995
Budweiser,CubFighter,316,7,09/28/1995
Budweiser,CubFighter,317,12,10/05/1995
Budweiser,High,91,2,6/06/1991
Budweiser,High,92,4,06/13/1991
Budweiser,High,93,1,06/20/1991
Budweiser,High,94,3,06/27/1991
Budweiser,High,95,9,7/04/1991
Budweiser,High,96,2,7/11/1991
Budweiser,High,98,4,07/25/1991
Budweiser,High,99,4,8/01/1991
Budweiser,High,100,1,8/08/1991
Budweiser,High,101,1,08/15/1991
Budweiser,High,102,4,08/22/1991
Budweiser,High,103,1,08/29/1991
Budweiser,High,104,1,9/05/1991
Budweiser,High,105,1,9/12/1991
Budweiser,High,106,4,09/19/1991
Budweiser,High,109,3,10/10/1991
Budweiser,High,110,3,10/17/1991
Budweiser,High,111,1,10/24/1991
Budweiser,High,113,1,11/07/1991
Budweiser,High,118,1,12/12/1991
Budweiser,High,130,1,3/05/1992
Budweiser,High,132,2,03/19/1992
Budweiser,High,134,1,4/02/1992
Budweiser,High,135,1,4/09/1992
Budweiser,High,136,2,04/16/1992
Budweiser,High,137,2,04/23/1992
Budweiser,High,139,1,5/07/1992
Budweiser,High,140,1,05/14/1992
Budweiser,High,142,5,05/28/1992
Budweiser,High,143,2,6/04/1992
Budweiser,High,144,5,6/11/1992
Budweiser,High,145,1,06/18/1992
Budweiser,High,147,2,7/02/1992
Budweiser,High,148,2,7/09/1992
Budweiser,High,150,4,07/23/1992
Budweiser,High,151,1,07/30/1992
Budweiser,High,152,3,8/06/1992
Budweiser,High,153,2,08/13/1992
Budweiser,High,154,5,08/20/1992
Budweiser,High,155,2,08/27/1992
Budweiser,High,156,3,9/03/1992
Budweiser,High,157,1,9/10/1992
Budweiser,High,158,1,09/17/1992
Budweiser,High,159,1,09/24/1992
Budweiser,High,160,2,10/01/1992
Budweiser,High,161,1,10/08/1992
Budweiser,High,162,1,10/15/1992
Budweiser,High,163,1,10/22/1992
Budweiser,High,164,1,10/29/1992
Budweiser,High,165,1,11/05/1992
Budweiser,High,166,9,11/12/1992
Budweiser,High,167,17,11/19/1992
Budweiser,High,168,15,11/26/1992
Budweiser,High,169,4,12/03/1992
Budweiser,High,170,7,12/10/1992
Budweiser,High,171,10,12/17/1992
Budweiser,High,172,28,12/24/1992
Budweiser,High,173,12,12/31/1992
Budweiser,High,174,6,1/07/1993
Budweiser,High,175,10,01/14/1993
Budweiser,High,176,19,01/21/1993
Budweiser,High,177,25,01/28/1993
Budweiser,High,178,14,2/04/1993
Budweiser,High,179,11,2/11/1993
Budweiser,High,180,9,02/18/1993
Budweiser,High,181,11,02/25/1993
Budweiser,High,182,9,3/04/1993
Budweiser,High,183,14,3/11/1993
Budweiser,High,184,23,03/18/1993
Budweiser,High,185,15,03/25/1993
Budweiser,High,186,10,4/01/1993
Budweiser,High,187,21,4/08/1993
Budweiser,High,188,6,04/15/1993
Budweiser,High,189,12,04/22/1993
Budweiser,High,190,19,04/29/1993
Budweiser,High,191,25,5/06/1993
Budweiser,High,192,16,05/13/1993
Budweiser,High,193,29,05/20/1993
Budweiser,High,194,23,05/27/1993
Budweiser,High,195,16,6/03/1993
Budweiser,High,196,23,6/10/1993
Budweiser,High,197,11,06/17/1993
Budweiser,High,198,13,06/24/1993
Budweiser,High,199,27,7/01/1993
Budweiser,High,200,17,7/08/1993
Budweiser,High,201,18,07/15/1993
Budweiser,High,202,9,07/22/1993
Budweiser,High,203,22,07/29/1993
Budweiser,High,204,20,8/05/1993
Budweiser,High,205,32,8/12/1993
Budweiser,High,206,15,08/19/1993
Budweiser,High,207,23,08/26/1993
Budweiser,High,208,21,9/02/1993
Budweiser,High,209,9,9/09/1993
Budweiser,High,210,8,09/16/1993
Budweiser,High,211,38,09/23/1993
Budweiser,High,212,19,09/30/1993
Budweiser,High,213,14,10/07/1993
Budweiser,High,214,10,10/14/1993
Budweiser,High,215,12,10/21/1993
Budweiser,High,216,10,10/28/1993
Budweiser,High,217,8,11/04/1993
Budweiser,High,218,23,11/11/1993
Budweiser,High,220,20,11/25/1993
Budweiser,High,221,23,12/02/1993
Budweiser,High,222,21,12/09/1993
Budweiser,High,223,25,12/16/1993
Budweiser,High,224,38,12/23/1993
Budweiser,High,225,30,12/30/1993
Budweiser,High,226,16,1/06/1994
Budweiser,High,227,11,01/13/1994
Budweiser,High,228,20,01/20/1994
Budweiser,High,229,30,01/27/1994
Budweiser,High,230,18,2/03/1994
Budweiser,High,231,12,2/10/1994
Budweiser,High,232,18,02/17/1994
Budweiser,High,233,12,02/24/1994
Budweiser,High,234,12,3/03/1994
Budweiser,High,235,16,3/10/1994
Budweiser,High,236,6,03/17/1994
Budweiser,High,237,25,03/24/1994
Budweiser,High,238,29,03/31/1994
Budweiser,High,239,6,4/07/1994
Budweiser,High,240,17,04/14/1994
Budweiser,High,241,17,04/21/1994
Budweiser,High,242,17,04/28/1994
Budweiser,High,243,43,5/05/1994
Budweiser,High,244,17,5/12/1994
Budweiser,High,245,21,05/19/1994
Budweiser,High,246,22,05/26/1994
Budweiser,High,247,20,6/02/1994
Budweiser,High,248,25,6/09/1994
Budweiser,High,249,34,06/16/1994
Budweiser,High,250,13,06/23/1994
Budweiser,High,251,28,06/30/1994
Budweiser,High,252,21,7/07/1994
Budweiser,High,253,25,07/14/1994
Budweiser,High,254,29,07/21/1994
Budweiser,High,255,27,07/28/1994
Budweiser,High,256,19,8/04/1994
Budweiser,High,257,7,8/11/1994
Budweiser,High,258,19,08/18/1994
Budweiser,High,259,16,08/25/1994
Budweiser,High,260,23,9/01/1994
Budweiser,High,261,22,9/08/1994
Budweiser,High,266,31,10/13/1994
Budweiser,High,267,28,10/20/1994
Budweiser,High,268,25,10/27/1994
Budweiser,High,269,18,11/03/1994
Budweiser,High,270,27,11/10/1994
Budweiser,High,271,37,11/17/1994
Budweiser,High,272,16,11/24/1994
Budweiser,High,273,11,12/01/1994
Budweiser,High,274,21,12/08/1994
Budweiser,High,275,41,12/15/1994
Budweiser,High,276,27,12/22/1994
Budweiser,High,277,17,12/29/1994
Budweiser,High,278,14,1/05/1995
Budweiser,High,279,16,1/12/1995
Budweiser,High,280,31,01/19/1995
Budweiser,High,281,22,01/26/1995
Budweiser,High,282,14,2/02/1995
Budweiser,High,283,16,2/09/1995
Budweiser,High,286,24,3/02/1995
Budweiser,High,287,23,3/09/1995
Budweiser,High,288,16,03/16/1995
Budweiser,High,289,27,03/23/1995
Budweiser,High,290,21,03/30/1995
Budweiser,High,291,9,4/06/1995
Budweiser,High,292,18,04/13/1995
Budweiser,High,293,30,04/20/1995
Budweiser,High,294,21,04/27/1995
Budweiser,High,295,17,5/04/1995
Budweiser,High,296,21,5/11/1995
Budweiser,High,297,22,05/18/1995
Budweiser,High,298,41,05/25/1995
Budweiser,High,299,28,6/01/1995
Budweiser,High,300,42,6/08/1995
Budweiser,High,301,60,06/15/1995
Budweiser,High,302,32,06/22/1995
Budweiser,High,303,37,06/29/1995
Budweiser,High,304,37,7/06/1995
Budweiser,High,305,52,07/13/1995
Budweiser,High,306,24,07/20/1995
Budweiser,High,307,34,07/27/1995
Budweiser,High,308,22,8/03/1995
Budweiser,High,309,51,8/10/1995
Budweiser,High,310,47,08/17/1995
Budweiser,High,311,34,08/24/1995
Budweiser,High,312,37,08/31/1995
Budweiser,High,313,17,9/07/1995
Budweiser,High,314,32,09/14/1995
Budweiser,High,315,33,09/21/1995
Budweiser,High,316,33,09/28/1995
Budweiser,High,317,21,10/05/1995
Budweiser,Low,91,6,6/06/1991
Budweiser,Low,92,10,06/13/1991
Budweiser,Low,93,3,06/20/1991
Budweiser,Low,94,4,06/27/1991
Budweiser,Low,95,6,7/04/1991
Budweiser,Low,96,4,7/11/1991
Budweiser,Low,97,4,07/18/1991
Budweiser,Low,98,3,07/25/1991
Budweiser,Low,99,5,8/01/1991
Budweiser,Low,101,2,08/15/1991
Budweiser,Low,102,7,08/22/1991
Budweiser,Low,103,4,08/29/1991
Budweiser,Low,104,9,9/05/1991
Budweiser,Low,105,5,9/12/1991
Budweiser,Low,106,7,09/19/1991
Budweiser,Low,107,6,09/26/1991
Budweiser,Low,108,6,10/03/1991
Budweiser,Low,109,2,10/10/1991
Budweiser,Low,110,7,10/17/1991
Budweiser,Low,111,8,10/24/1991
Budweiser,Low,112,3,10/31/1991
Budweiser,Low,113,1,11/07/1991
Budweiser,Low,114,4,11/14/1991
Budweiser,Low,115,3,11/21/1991
Budweiser,Low,116,9,11/28/1991
Budweiser,Low,117,2,12/05/1991
Budweiser,Low,119,4,12/12/1991
Budweiser,Low,120,5,12/19/1991
Budweiser,Low,121,2,1/02/1992
Budweiser,Low,122,1,1/09/1992
Budweiser,Low,123,3,01/16/1992
Budweiser,Low,125,3,01/23/1992
Budweiser,Low,126,2,2/06/1992
Budweiser,Low,127,1,02/13/1992
Budweiser,Low,132,3,03/19/1992
Budweiser,Low,136,2,04/16/1992
Budweiser,Low,138,1,04/30/1992
Budweiser,Low,139,1,5/07/1992
Budweiser,Low,140,1,05/14/1992
Budweiser,Low,141,1,05/21/1992
Budweiser,Low,142,2,05/28/1992
Budweiser,Low,143,4,6/04/1992
Budweiser,Low,144,2,6/11/1992
Budweiser,Low,145,3,06/18/1992
Budweiser,Low,147,4,7/02/1992
Budweiser,Low,148,3,7/09/1992
Budweiser,Low,149,2,07/16/1992
Budweiser,Low,150,1,07/23/1992
Budweiser,Low,151,2,07/30/1992
Budweiser,Low,153,2,08/13/1992
Budweiser,Low,154,1,08/20/1992
Budweiser,Low,156,2,9/03/1992
Budweiser,Low,158,1,09/17/1992
Budweiser,Low,159,2,09/24/1992
Budweiser,Low,160,3,10/01/1992
Budweiser,Low,161,3,10/08/1992
Budweiser,Low,162,3,10/15/1992
Budweiser,Low,165,2,11/05/1992
Budweiser,Low,166,8,11/12/1992
Budweiser,Low,167,18,11/19/1992
Budweiser,Low,168,9,11/26/1992
Budweiser,Low,169,9,12/03/1992
Budweiser,Low,170,2,12/10/1992
Budweiser,Low,171,15,12/17/1992
Budweiser,Low,172,10,12/24/1992
Budweiser,Low,173,7,12/31/1992
Budweiser,Low,174,7,1/07/1993
Budweiser,Low,175,12,01/14/1993
Budweiser,Low,176,7,01/21/1993
Budweiser,Low,177,6,01/28/1993
Budweiser,Low,178,2,2/04/1993
Budweiser,Low,179,7,2/11/1993
Budweiser,Low,180,4,02/18/1993
Budweiser,Low,181,5,02/25/1993
Budweiser,Low,182,8,3/04/1993
Budweiser,Low,183,7,3/11/1993
Budweiser,Low,184,4,03/18/1993
Budweiser,Low,185,4,03/25/1993
Budweiser,Low,186,7,4/01/1993
Budweiser,Low,187,12,4/08/1993
Budweiser,Low,188,6,04/15/1993
Budweiser,Low,189,6,04/22/1993
Budweiser,Low,190,9,04/29/1993
Budweiser,Low,191,11,5/06/1993
Budweiser,Low,192,8,05/13/1993
Budweiser,Low,193,6,05/20/1993
Budweiser,Low,194,8,05/27/1993
Budweiser,Low,195,16,6/03/1993
Budweiser,Low,196,8,6/10/1993
Budweiser,Low,197,10,06/17/1993
Budweiser,Low,198,13,06/24/1993
Budweiser,Low,199,23,7/01/1993
Budweiser,Low,200,6,7/08/1993
Budweiser,Low,201,13,07/15/1993
Budweiser,Low,202,17,07/22/1993
Budweiser,Low,203,11,07/29/1993
Budweiser,Low,204,9,8/05/1993
Budweiser,Low,205,16,8/12/1993
Budweiser,Low,206,11,08/19/1993
Budweiser,Low,207,10,08/26/1993
Budweiser,Low,208,21,9/02/1993
Budweiser,Low,209,8,9/09/1993
Budweiser,Low,210,5,09/16/1993
Budweiser,Low,211,7,09/23/1993
Budweiser,Low,212,14,09/30/1993
Budweiser,Low,213,4,10/07/1993
Budweiser,Low,214,6,10/14/1993
Budweiser,Low,215,20,10/21/1993
Budweiser,Low,216,10,10/28/1993
Budweiser,Low,217,12,11/04/1993
Budweiser,Low,218,14,11/11/1993
Budweiser,Low,220,8,11/25/1993
Budweiser,Low,221,10,12/02/1993
Budweiser,Low,222,17,12/09/1993
Budweiser,Low,223,18,12/16/1993
Budweiser,Low,224,26,12/23/1993
Budweiser,Low,225,15,12/30/1993
Budweiser,Low,226,7,1/06/1994
Budweiser,Low,227,7,01/13/1994
Budweiser,Low,228,10,01/20/1994
Budweiser,Low,229,21,01/27/1994
Budweiser,Low,230,8,2/03/1994
Budweiser,Low,231,9,2/10/1994
Budweiser,Low,232,8,02/17/1994
Budweiser,Low,233,9,02/24/1994
Budweiser,Low,234,7,3/03/1994
Budweiser,Low,235,17,3/10/1994
Budweiser,Low,236,7,03/17/1994
Budweiser,Low,237,4,03/24/1994
Budweiser,Low,238,9,03/31/1994
Budweiser,Low,239,4,4/07/1994
Budweiser,Low,240,13,04/14/1994
Budweiser,Low,241,12,04/21/1994
Budweiser,Low,242,3,04/28/1994
Budweiser,Low,243,12,5/05/1994
Budweiser,Low,244,8,5/12/1994
Budweiser,Low,245,8,05/19/1994
Budweiser,Low,246,23,05/26/1994
Budweiser,Low,247,17,6/02/1994
Budweiser,Low,248,14,6/09/1994
Budweiser,Low,249,6,06/16/1994
Budweiser,Low,250,5,06/23/1994
Budweiser,Low,251,7,06/30/1994
Budweiser,Low,252,3,7/07/1994
Budweiser,Low,253,8,07/14/1994
Budweiser,Low,254,5,07/21/1994
Budweiser,Low,255,12,07/28/1994
Budweiser,Low,256,6,8/04/1994
Budweiser,Low,257,5,8/11/1994
Budweiser,Low,258,9,08/18/1994
Budweiser,Low,259,13,08/25/1994
Budweiser,Low,260,14,9/01/1994
Budweiser,Low,261,6,9/08/1994
Budweiser,Low,266,4,10/13/1994
Budweiser,Low,267,5,10/20/1994
Budweiser,Low,268,5,10/27/1994
Budweiser,Low,269,1,11/03/1994
Budweiser,Low,270,3,11/10/1994
Budweiser,Low,272,6,11/24/1994
Budweiser,Low,273,9,12/01/1994
Budweiser,Low,274,5,12/08/1994
Budweiser,Low,275,8,12/15/1994
Budweiser,Low,276,7,12/22/1994
Budweiser,Low,277,4,12/29/1994
Budweiser,Low,278,6,1/05/1995
Budweiser,Low,279,8,1/12/1995
Budweiser,Low,280,13,01/19/1995
Budweiser,Low,281,5,01/26/1995
Budweiser,Low,282,6,2/02/1995
Budweiser,Low,283,8,2/09/1995
Budweiser,Low,286,1,3/02/1995
Budweiser,Low,287,6,3/09/1995
Budweiser,Low,288,3,03/16/1995
Budweiser,Low,289,2,03/23/1995
Budweiser,Low,290,3,03/30/1995
Budweiser,Low,291,3,4/06/1995
Budweiser,Low,292,4,04/13/1995
Budweiser,Low,293,2,04/20/1995
Budweiser,Low,294,4,04/27/1995
Budweiser,Low,295,8,5/04/1995
Budweiser,Low,296,10,5/11/1995
Budweiser,Low,297,11,05/18/1995
Budweiser,Low,298,6,05/25/1995
Budweiser,Low,299,5,6/01/1995
Budweiser,Low,300,9,6/08/1995
Budweiser,Low,301,43,06/15/1995
Budweiser,Low,302,9,06/22/1995
Budweiser,Low,303,12,06/29/1995
Budweiser,Low,304,6,7/06/1995
Budweiser,Low,305,15,07/13/1995
Budweiser,Low,306,9,07/20/1995
Budweiser,Low,307,5,07/27/1995
Budweiser,Low,308,9,8/03/1995
Budweiser,Low,309,6,8/10/1995
Budweiser,Low,310,1,08/17/1995
Budweiser,Low,311,29,08/24/1995
Budweiser,Low,312,15,08/31/1995
Budweiser,Low,313,3,9/07/1995
Budweiser,Low,314,5,09/14/1995
Budweiser,Low,315,7,09/21/1995
Budweiser,Low,316,5,09/28/1995
Budweiser,Low,317,11,10/05/1995
Budweiser,Medium,91,30,6/06/1991
Budweiser,Medium,92,63,06/13/1991
Budweiser,Medium,93,53,06/20/1991
Budweiser,Medium,94,45,06/27/1991
Budweiser,Medium,95,64,7/04/1991
Budweiser,Medium,96,75,7/11/1991
Budweiser,Medium,97,42,07/18/1991
Budweiser,Medium,98,68,07/25/1991
Budweiser,Medium,99,59,8/01/1991
Budweiser,Medium,100,63,8/08/1991
Budweiser,Medium,101,52,08/15/1991
Budweiser,Medium,102,59,08/22/1991
Budweiser,Medium,103,82,08/29/1991
Budweiser,Medium,104,78,9/05/1991
Budweiser,Medium,105,46,9/12/1991
Budweiser,Medium,106,48,09/19/1991
Budweiser,Medium,107,53,09/26/1991
Budweiser,Medium,108,39,10/03/1991
Budweiser,Medium,109,31,10/10/1991
Budweiser,Medium,110,45,10/17/1991
Budweiser,Medium,111,55,10/24/1991
Budweiser,Medium,112,25,10/31/1991
Budweiser,Medium,113,37,11/07/1991
Budweiser,Medium,114,35,11/14/1991
Budweiser,Medium,115,32,11/21/1991
Budweiser,Medium,116,90,11/28/1991
Budweiser,Medium,117,41,12/05/1991
Budweiser,Medium,118,44,12/12/1991
Budweiser,Medium,119,31,12/19/1991
Budweiser,Medium,120,37,12/26/1991
Budweiser,Medium,121,44,1/02/1992
Budweiser,Medium,122,28,1/09/1992
Budweiser,Medium,123,38,01/16/1992
Budweiser,Medium,124,43,01/23/1992
Budweiser,Medium,125,39,01/30/1992
Budweiser,Medium,126,32,2/06/1992
Budweiser,Medium,127,33,02/13/1992
Budweiser,Medium,128,42,02/20/1992
Budweiser,Medium,129,38,02/27/1992
Budweiser,Medium,130,43,3/05/1992
Budweiser,Medium,131,37,3/12/1992
Budweiser,Medium,132,52,03/19/1992
Budweiser,Medium,133,35,03/26/1992
Budweiser,Medium,134,30,4/02/1992
Budweiser,Medium,135,34,4/09/1992
Budweiser,Medium,136,35,04/16/1992
Budweiser,Medium,137,26,04/23/1992
Budweiser,Medium,138,27,04/30/1992
Budweiser,Medium,139,33,5/07/1992
Budweiser,Medium,140,38,05/14/1992
Budweiser,Medium,141,48,05/21/1992
Budweiser,Medium,142,51,05/28/1992
Budweiser,Medium,143,23,6/04/1992
Budweiser,Medium,144,39,6/11/1992
Budweiser,Medium,145,53,06/18/1992
Budweiser,Medium,146,12,06/25/1992
Budweiser,Medium,147,46,7/02/1992
Budweiser,Medium,148,57,7/09/1992
Budweiser,Medium,149,35,07/16/1992
Budweiser,Medium,150,35,07/23/1992
Budweiser,Medium,151,42,07/30/1992
Budweiser,Medium,152,43,8/06/1992
Budweiser,Medium,153,43,08/13/1992
Budweiser,Medium,154,43,08/20/1992
Budweiser,Medium,155,39,08/27/1992
Budweiser,Medium,156,35,9/03/1992
Budweiser,Medium,157,44,9/10/1992
Budweiser,Medium,158,24,09/17/1992
Budweiser,Medium,159,32,09/24/1992
Budweiser,Medium,160,28,10/01/1992
Budweiser,Medium,161,33,10/08/1992
Budweiser,Medium,162,34,10/15/1992
Budweiser,Medium,163,30,10/22/1992
Budweiser,Medium,164,22,10/29/1992
Budweiser,Medium,165,23,11/05/1992
Budweiser,Medium,166,27,11/12/1992
Budweiser,Medium,167,48,11/19/1992
Budweiser,Medium,168,27,11/26/1992
Budweiser,Medium,169,26,12/03/1992
Budweiser,Medium,170,15,12/10/1992
Budweiser,Medium,171,29,12/17/1992
Budweiser,Medium,172,87,12/24/1992
Budweiser,Medium,173,33,12/31/1992
Budweiser,Medium,174,22,1/07/1993
Budweiser,Medium,175,26,01/14/1993
Budweiser,Medium,176,34,01/21/1993
Budweiser,Medium,177,31,01/28/1993
Budweiser,Medium,178,23,2/04/1993
Budweiser,Medium,179,29,2/11/1993
Budweiser,Medium,180,23,02/18/1993
Budweiser,Medium,181,22,02/25/1993
Budweiser,Medium,182,20,3/04/1993
Budweiser,Medium,183,32,3/11/1993
Budweiser,Medium,184,35,03/18/1993
Budweiser,Medium,185,32,03/25/1993
Budweiser,Medium,186,25,4/01/1993
Budweiser,Medium,187,28,4/08/1993
Budweiser,Medium,188,14,04/15/1993
Budweiser,Medium,189,39,04/22/1993
Budweiser,Medium,190,27,04/29/1993
Budweiser,Medium,191,38,5/06/1993
Budweiser,Medium,192,30,05/13/1993
Budweiser,Medium,193,44,05/20/1993
Budweiser,Medium,194,39,05/27/1993
Budweiser,Medium,195,32,6/03/1993
Budweiser,Medium,196,45,6/10/1993
Budweiser,Medium,197,29,06/17/1993
Budweiser,Medium,198,39,06/24/1993
Budweiser,Medium,199,39,7/01/1993
Budweiser,Medium,200,22,7/08/1993
Budweiser,Medium,201,57,07/15/1993
Budweiser,Medium,202,33,07/22/1993
Budweiser,Medium,203,28,07/29/1993
Budweiser,Medium,204,33,8/05/1993
Budweiser,Medium,205,35,8/12/1993
Budweiser,Medium,206,35,08/19/1993
Budweiser,Medium,207,25,08/26/1993
Budweiser,Medium,208,33,9/02/1993
Budweiser,Medium,209,25,9/09/1993
Budweiser,Medium,210,21,09/16/1993
Budweiser,Medium,211,27,09/23/1993
Budweiser,Medium,212,24,09/30/1993
Budweiser,Medium,213,20,10/07/1993
Budweiser,Medium,214,21,10/14/1993
Budweiser,Medium,215,25,10/21/1993
Budweiser,Medium,216,25,10/28/1993
Budweiser,Medium,217,27,11/04/1993
Budweiser,Medium,218,19,11/11/1993
Budweiser,Medium,220,19,11/25/1993
Budweiser,Medium,221,11,12/02/1993
Budweiser,Medium,222,12,12/09/1993
Budweiser,Medium,223,32,12/16/1993
Budweiser,Medium,224,22,12/23/1993
Budweiser,Medium,225,29,12/30/1993
Budweiser,Medium,226,14,1/06/1994
Budweiser,Medium,227,28,01/13/1994
Budweiser,Medium,228,28,01/20/1994
Budweiser,Medium,229,30,01/27/1994
Budweiser,Medium,230,19,2/03/1994
Budweiser,Medium,231,19,2/10/1994
Budweiser,Medium,232,19,02/17/1994
Budweiser,Medium,233,19,02/24/1994
Budweiser,Medium,234,25,3/03/1994
Budweiser,Medium,235,17,3/10/1994
Budweiser,Medium,236,17,03/17/1994
Budweiser,Medium,237,11,03/24/1994
Budweiser,Medium,238,27,03/31/1994
Budweiser,Medium,239,21,4/07/1994
Budweiser,Medium,240,43,04/14/1994
Budweiser,Medium,241,23,04/21/1994
Budweiser,Medium,242,18,04/28/1994
Budweiser,Medium,243,25,5/05/1994
Budweiser,Medium,244,19,5/12/1994
Budweiser,Medium,245,26,05/19/1994
Budweiser,Medium,246,32,05/26/1994
Budweiser,Medium,247,14,6/02/1994
Budweiser,Medium,248,18,6/09/1994
Budweiser,Medium,249,39,06/16/1994
Budweiser,Medium,250,14,06/23/1994
Budweiser,Medium,251,35,06/30/1994
Budweiser,Medium,252,14,7/07/1994
Budweiser,Medium,253,28,07/14/1994
Budweiser,Medium,254,19,07/21/1994
Budweiser,Medium,255,28,07/28/1994
Budweiser,Medium,256,17,8/04/1994
Budweiser,Medium,257,21,8/11/1994
Budweiser,Medium,258,23,08/18/1994
Budweiser,Medium,259,29,08/25/1994
Budweiser,Medium,260,21,9/01/1994
Budweiser,Medium,261,21,9/08/1994
Budweiser,Medium,266,30,10/13/1994
Budweiser,Medium,267,21,10/20/1994
Budweiser,Medium,268,25,10/27/1994
Budweiser,Medium,269,14,11/03/1994
Budweiser,Medium,270,13,11/10/1994
Budweiser,Medium,271,14,11/17/1994
Budweiser,Medium,272,21,11/24/1994
Budweiser,Medium,273,31,12/01/1994
Budweiser,Medium,274,25,12/08/1994
Budweiser,Medium,275,32,12/15/1994
Budweiser,Medium,276,17,12/22/1994
Budweiser,Medium,277,21,12/29/1994
Budweiser,Medium,278,21,1/05/1995
Budweiser,Medium,279,26,1/12/1995
Budweiser,Medium,280,33,01/19/1995
Budweiser,Medium,281,22,01/26/1995
Budweiser,Medium,282,21,2/02/1995
Budweiser,Medium,283,26,2/09/1995
Budweiser,Medium,286,17,3/02/1995
Budweiser,Medium,287,34,3/09/1995
Budweiser,Medium,288,36,03/16/1995
Budweiser,Medium,289,29,03/23/1995
Budweiser,Medium,290,16,03/30/1995
Budweiser,Medium,291,18,4/06/1995
Budweiser,Medium,292,26,04/13/1995
Budweiser,Medium,293,16,04/20/1995
Budweiser,Medium,294,38,04/27/1995
Budweiser,Medium,295,29,5/04/1995
Budweiser,Medium,296,40,5/11/1995
Budweiser,Medium,297,37,05/18/1995
Budweiser,Medium,298,66,05/25/1995
Budweiser,Medium,299,52,6/01/1995
Budweiser,Medium,300,49,6/08/1995
Budweiser,Medium,301,235,06/15/1995
Budweiser,Medium,302,193,06/22/1995
Budweiser,Medium,303,73,06/29/1995
Budweiser,Medium,304,44,7/06/1995
Budweiser,Medium,305,45,07/13/1995
Budweiser,Medium,306,46,07/20/1995
Budweiser,Medium,307,38,07/27/1995
Budweiser,Medium,308,45,8/03/1995
Budweiser,Medium,309,29,8/10/1995
Budweiser,Medium,310,38,08/17/1995
Budweiser,Medium,311,46,08/24/1995
Budweiser,Medium,312,39,08/31/1995
Budweiser,Medium,313,20,9/07/1995
Budweiser,Medium,314,32,09/14/1995
Budweiser,Medium,315,25,09/21/1995
Budweiser,Medium,316,48,09/28/1995
Budweiser,Medium,317,25,10/05/1995
Miller,CubFighter,91,1,6/06/1991
Miller,CubFighter,92,4,06/13/1991
Miller,CubFighter,93,2,06/20/1991
Miller,CubFighter,94,1,06/27/1991
Miller,CubFighter,95,5,7/04/1991
Miller,CubFighter,96,1,7/11/1991
Miller,CubFighter,97,4,07/18/1991
Miller,CubFighter,98,2,07/25/1991
Miller,CubFighter,101,2,08/15/1991
Miller,CubFighter,102,3,08/22/1991
Miller,CubFighter,103,1,08/29/1991
Miller,CubFighter,104,5,9/05/1991
Miller,CubFighter,105,3,9/12/1991
Miller,CubFighter,106,2,09/19/1991
Miller,CubFighter,107,1,09/26/1991
Miller,CubFighter,108,4,10/03/1991
Miller,CubFighter,109,3,10/10/1991
Miller,CubFighter,111,2,10/24/1991
Miller,CubFighter,112,1,10/31/1991
Miller,CubFighter,113,2,11/07/1991
Miller,CubFighter,114,6,11/14/1991
Miller,CubFighter,116,1,11/28/1991
Miller,CubFighter,117,1,12/05/1991
Miller,CubFighter,118,1,12/12/1991
Miller,CubFighter,120,1,12/26/1991
Miller,CubFighter,121,3,1/02/1992
Miller,CubFighter,122,2,1/09/1992
Miller,CubFighter,124,1,01/23/1992
Miller,CubFighter,125,2,01/30/1992
Miller,CubFighter,126,1,2/06/1992
Miller,CubFighter,127,3,02/13/1992
Miller,CubFighter,128,2,02/20/1992
Miller,CubFighter,130,2,3/05/1992
Miller,CubFighter,131,1,3/12/1992
Miller,CubFighter,133,1,03/26/1992
Miller,CubFighter,134,2,4/02/1992
Miller,CubFighter,135,2,4/09/1992
Miller,CubFighter,136,1,04/16/1992
Miller,CubFighter,138,1,04/30/1992
Miller,CubFighter,139,8,5/07/1992
Miller,CubFighter,140,3,05/14/1992
Miller,CubFighter,141,3,05/21/1992
Miller,CubFighter,142,2,05/28/1992
Miller,CubFighter,143,1,6/04/1992
Miller,CubFighter,144,2,6/11/1992
Miller,CubFighter,145,3,06/18/1992
Miller,CubFighter,146,2,06/25/1992
Miller,CubFighter,147,3,7/02/1992
Miller,CubFighter,149,4,07/16/1992
Miller,CubFighter,152,1,8/06/1992
Miller,CubFighter,154,2,08/20/1992
Miller,CubFighter,155,1,08/27/1992
Miller,CubFighter,158,1,09/17/1992
Miller,CubFighter,161,1,10/08/1992
Miller,CubFighter,162,1,10/15/1992
Miller,CubFighter,163,1,10/22/1992
Miller,CubFighter,164,1,10/29/1992
Miller,CubFighter,166,11,11/12/1992
Miller,CubFighter,167,55,11/19/1992
Miller,CubFighter,168,39,11/26/1992
Miller,CubFighter,169,23,12/03/1992
Miller,CubFighter,170,24,12/10/1992
Miller,CubFighter,171,51,12/17/1992
Miller,CubFighter,172,42,12/24/1992
Miller,CubFighter,173,42,12/31/1992
Miller,CubFighter,174,23,1/07/1993
Miller,CubFighter,175,20,01/14/1993
Miller,CubFighter,176,31,01/21/1993
Miller,CubFighter,177,28,01/28/1993
Miller,CubFighter,178,15,2/04/1993
Miller,CubFighter,179,23,2/11/1993
Miller,CubFighter,180,22,02/18/1993
Miller,CubFighter,181,20,02/25/1993
Miller,CubFighter,182,10,3/04/1993
Miller,CubFighter,183,20,3/11/1993
Miller,CubFighter,184,20,03/18/1993
Miller,CubFighter,185,10,03/25/1993
Miller,CubFighter,186,24,4/01/1993
Miller,CubFighter,187,40,4/08/1993
Miller,CubFighter,188,20,04/15/1993
Miller,CubFighter,189,32,04/22/1993
Miller,CubFighter,190,26,04/29/1993
Miller,CubFighter,191,46,5/06/1993
Miller,CubFighter,192,21,05/13/1993
Miller,CubFighter,193,22,05/20/1993
Miller,CubFighter,194,70,05/27/1993
Miller,CubFighter,195,29,6/03/1993
Miller,CubFighter,196,38,6/10/1993
Miller,CubFighter,197,39,06/17/1993
Miller,CubFighter,198,34,06/24/1993
Miller,CubFighter,199,98,7/01/1993
Miller,CubFighter,200,46,7/08/1993
Miller,CubFighter,201,20,07/15/1993
Miller,CubFighter,202,22,07/22/1993
Miller,CubFighter,203,28,07/29/1993
Miller,CubFighter,204,41,8/05/1993
Miller,CubFighter,205,26,8/12/1993
Miller,CubFighter,206,27,08/19/1993
Miller,CubFighter,207,29,08/26/1993
Miller,CubFighter,208,53,9/02/1993
Miller,CubFighter,209,38,9/09/1993
Miller,CubFighter,210,32,09/16/1993
Miller,CubFighter,211,15,09/23/1993
Miller,CubFighter,212,27,09/30/1993
Miller,CubFighter,213,28,10/07/1993
Miller,CubFighter,214,36,10/14/1993
Miller,CubFighter,215,23,10/21/1993
Miller,CubFighter,216,30,10/28/1993
Miller,CubFighter,217,39,11/04/1993
Miller,CubFighter,218,22,11/11/1993
Miller,CubFighter,220,42,11/25/1993
Miller,CubFighter,221,53,12/02/1993
Miller,CubFighter,222,24,12/09/1993
Miller,CubFighter,223,53,12/16/1993
Miller,CubFighter,224,56,12/23/1993
Miller,CubFighter,225,34,12/30/1993
Miller,CubFighter,226,19,1/06/1994
Miller,CubFighter,227,40,01/13/1994
Miller,CubFighter,228,36,01/20/1994
Miller,CubFighter,229,130,01/27/1994
Miller,CubFighter,230,49,2/03/1994
Miller,CubFighter,231,58,2/10/1994
Miller,CubFighter,232,49,02/17/1994
Miller,CubFighter,233,58,02/24/1994
Miller,CubFighter,234,16,3/03/1994
Miller,CubFighter,235,20,3/10/1994
Miller,CubFighter,236,23,03/17/1994
Miller,CubFighter,237,18,03/24/1994
Miller,CubFighter,238,44,03/31/1994
Miller,CubFighter,239,47,4/07/1994
Miller,CubFighter,240,46,04/14/1994
Miller,CubFighter,241,32,04/21/1994
Miller,CubFighter,242,28,04/28/1994
Miller,CubFighter,243,38,5/05/1994
Miller,CubFighter,244,36,5/12/1994
Miller,CubFighter,245,60,05/19/1994
Miller,CubFighter,246,182,05/26/1994
Miller,CubFighter,247,60,6/02/1994
Miller,CubFighter,248,58,6/09/1994
Miller,CubFighter,249,101,06/16/1994
Miller,CubFighter,250,88,06/23/1994
Miller,CubFighter,251,246,06/30/1994
Miller,CubFighter,252,32,7/07/1994
Miller,CubFighter,253,50,07/14/1994
Miller,CubFighter,254,22,07/21/1994
Miller,CubFighter,255,50,07/28/1994
Miller,CubFighter,256,57,8/04/1994
Miller,CubFighter,257,49,8/11/1994
Miller,CubFighter,258,42,08/18/1994
Miller,CubFighter,259,84,08/25/1994
Miller,CubFighter,260,146,9/01/1994
Miller,CubFighter,261,37,9/08/1994
Miller,CubFighter,266,18,10/13/1994
Miller,CubFighter,267,29,10/20/1994
Miller,CubFighter,268,39,10/27/1994
Miller,CubFighter,269,86,11/03/1994
Miller,CubFighter,270,68,11/10/1994
Miller,CubFighter,271,36,11/17/1994
Miller,CubFighter,272,55,11/24/1994
Miller,CubFighter,273,21,12/01/1994
Miller,CubFighter,274,28,12/08/1994
Miller,CubFighter,275,71,12/15/1994
Miller,CubFighter,276,56,12/22/1994
Miller,CubFighter,277,57,12/29/1994
Miller,CubFighter,278,42,1/05/1995
Miller,CubFighter,279,29,1/12/1995
Miller,CubFighter,280,119,01/19/1995
Miller,CubFighter,281,119,01/26/1995
Miller,CubFighter,282,42,2/02/1995
Miller,CubFighter,283,29,2/09/1995
Miller,CubFighter,286,31,3/02/1995
Miller,CubFighter,287,30,3/09/1995
Miller,CubFighter,288,27,03/16/1995
Miller,CubFighter,289,30,03/23/1995
Miller,CubFighter,290,22,03/30/1995
Miller,CubFighter,291,27,4/06/1995
Miller,CubFighter,292,58,04/13/1995
Miller,CubFighter,293,32,04/20/1995
Miller,CubFighter,294,83,04/27/1995
Miller,CubFighter,295,70,5/04/1995
Miller,CubFighter,296,73,5/11/1995
Miller,CubFighter,297,70,05/18/1995
Miller,CubFighter,298,127,05/25/1995
Miller,CubFighter,299,48,6/01/1995
Miller,CubFighter,300,45,6/08/1995
Miller,CubFighter,301,70,06/15/1995
Miller,CubFighter,302,109,06/22/1995
Miller,CubFighter,303,133,06/29/1995
Miller,CubFighter,304,77,7/06/1995
Miller,CubFighter,305,128,07/13/1995
Miller,CubFighter,306,71,07/20/1995
Miller,CubFighter,307,57,07/27/1995
Miller,CubFighter,308,80,8/03/1995
Miller,CubFighter,309,75,8/10/1995
Miller,CubFighter,310,49,08/17/1995
Miller,CubFighter,311,58,08/24/1995
Miller,CubFighter,312,100,08/31/1995
Miller,CubFighter,313,39,9/07/1995
Miller,CubFighter,314,32,09/14/1995
Miller,CubFighter,315,17,09/21/1995
Miller,CubFighter,316,65,09/28/1995
Miller,CubFighter,317,88,10/05/1995
Miller,High,91,34,6/06/1991
Miller,High,92,84,06/13/1991
Miller,High,93,106,06/20/1991
Miller,High,94,69,06/27/1991
Miller,High,95,190,7/04/1991
Miller,High,96,142,7/11/1991
Miller,High,97,65,07/18/1991
Miller,High,98,70,07/25/1991
Miller,High,99,78,8/01/1991
Miller,High,100,94,8/08/1991
Miller,High,101,74,08/15/1991
Miller,High,102,61,08/22/1991
Miller,High,103,94,08/29/1991
Miller,High,104,114,9/05/1991
Miller,High,105,137,9/12/1991
Miller,High,106,95,09/19/1991
Miller,High,107,30,09/26/1991
Miller,High,108,43,10/03/1991
Miller,High,109,60,10/10/1991
Miller,High,110,40,10/17/1991
Miller,High,111,87,10/24/1991
Miller,High,112,47,10/31/1991
Miller,High,113,30,11/07/1991
Miller,High,114,36,11/14/1991
Miller,High,115,32,11/21/1991
Miller,High,116,127,11/28/1991
Miller,High,117,76,12/05/1991
Miller,High,118,30,12/12/1991
Miller,High,119,61,12/19/1991
Miller,High,120,95,12/26/1991
Miller,High,121,71,1/02/1992
Miller,High,122,27,1/09/1992
Miller,High,123,25,01/16/1992
Miller,High,124,60,01/23/1992
Miller,High,125,68,01/30/1992
Miller,High,126,26,2/06/1992
Miller,High,127,27,02/13/1992
Miller,High,128,23,02/20/1992
Miller,High,129,25,02/27/1992
Miller,High,130,29,3/05/1992
Miller,High,131,69,3/12/1992
Miller,High,132,79,03/19/1992
Miller,High,133,28,03/26/1992
Miller,High,134,52,4/02/1992
Miller,High,135,37,4/09/1992
Miller,High,136,43,04/16/1992
Miller,High,137,50,04/23/1992
Miller,High,138,38,04/30/1992
Miller,High,139,45,5/07/1992
Miller,High,140,92,05/14/1992
Miller,High,141,132,05/21/1992
Miller,High,142,80,05/28/1992
Miller,High,143,88,6/04/1992
Miller,High,144,104,6/11/1992
Miller,High,145,78,06/18/1992
Miller,High,146,23,06/25/1992
Miller,High,147,127,7/02/1992
Miller,High,148,157,7/09/1992
Miller,High,149,96,07/16/1992
Miller,High,150,88,07/23/1992
Miller,High,151,135,07/30/1992
Miller,High,152,81,8/06/1992
Miller,High,153,57,08/13/1992
Miller,High,154,62,08/20/1992
Miller,High,155,96,08/27/1992
Miller,High,156,124,9/03/1992
Miller,High,157,81,9/10/1992
Miller,High,158,59,09/17/1992
Miller,High,159,64,09/24/1992
Miller,High,160,49,10/01/1992
Miller,High,161,64,10/08/1992
Miller,High,162,39,10/15/1992
Miller,High,163,62,10/22/1992
Miller,High,164,79,10/29/1992
Miller,High,165,45,11/05/1992
Miller,High,166,123,11/12/1992
Miller,High,167,145,11/19/1992
Miller,High,168,98,11/26/1992
Miller,High,169,82,12/03/1992
Miller,High,170,71,12/10/1992
Miller,High,171,47,12/17/1992
Miller,High,172,252,12/24/1992
Miller,High,173,90,12/31/1992
Miller,High,174,81,1/07/1993
Miller,High,175,69,01/14/1993
Miller,High,176,76,01/21/1993
Miller,High,177,121,01/28/1993
Miller,High,178,63,2/04/1993
Miller,High,179,69,2/11/1993
Miller,High,180,80,02/18/1993
Miller,High,181,73,02/25/1993
Miller,High,182,82,3/04/1993
Miller,High,183,101,3/11/1993
Miller,High,184,56,03/18/1993
Miller,High,185,84,03/25/1993
Miller,High,186,87,4/01/1993
Miller,High,187,100,4/08/1993
Miller,High,188,69,04/15/1993
Miller,High,189,79,04/22/1993
Miller,High,190,83,04/29/1993
Miller,High,191,137,5/06/1993
Miller,High,192,250,05/13/1993
Miller,High,193,147,05/20/1993
Miller,High,194,181,05/27/1993
Miller,High,195,140,6/03/1993
Miller,High,196,119,6/10/1993
Miller,High,197,147,06/17/1993
Miller,High,198,205,06/24/1993
Miller,High,199,361,7/01/1993
Miller,High,200,120,7/08/1993
Miller,High,201,129,07/15/1993
Miller,High,202,139,07/22/1993
Miller,High,203,141,07/29/1993
Miller,High,204,151,8/05/1993
Miller,High,205,124,8/12/1993
Miller,High,206,102,08/19/1993
Miller,High,207,107,08/26/1993
Miller,High,208,113,9/02/1993
Miller,High,209,173,9/09/1993
Miller,High,210,148,09/16/1993
Miller,High,211,97,09/23/1993
Miller,High,212,105,09/30/1993
Miller,High,213,78,10/07/1993
Miller,High,214,111,10/14/1993
Miller,High,215,150,10/21/1993
Miller,High,216,98,10/28/1993
Miller,High,217,70,11/04/1993
Miller,High,218,104,11/11/1993
Miller,High,220,156,11/25/1993
Miller,High,221,112,12/02/1993
Miller,High,222,99,12/09/1993
Miller,High,223,138,12/16/1993
Miller,High,224,160,12/23/1993
Miller,High,225,128,12/30/1993
Miller,High,226,117,1/06/1994
Miller,High,227,72,01/13/1994
Miller,High,228,80,01/20/1994
Miller,High,229,100,01/27/1994
Miller,High,230,86,2/03/1994
Miller,High,231,95,2/10/1994
Miller,High,232,86,02/17/1994
Miller,High,233,95,02/24/1994
Miller,High,234,101,3/03/1994
Miller,High,235,108,3/10/1994
Miller,High,236,89,03/17/1994
Miller,High,237,83,03/24/1994
Miller,High,238,95,03/31/1994
Miller,High,239,64,4/07/1994
Miller,High,240,78,04/14/1994
Miller,High,241,90,04/21/1994
Miller,High,242,91,04/28/1994
Miller,High,243,96,5/05/1994
Miller,High,244,81,5/12/1994
Miller,High,245,102,05/19/1994
Miller,High,246,237,05/26/1994
Miller,High,247,109,6/02/1994
Miller,High,248,133,6/09/1994
Miller,High,249,202,06/16/1994
Miller,High,250,139,06/23/1994
Miller,High,251,288,06/30/1994
Miller,High,252,145,7/07/1994
Miller,High,253,188,07/14/1994
Miller,High,254,199,07/21/1994
Miller,High,255,155,07/28/1994
Miller,High,256,153,8/04/1994
Miller,High,257,142,8/11/1994
Miller,High,258,170,08/18/1994
Miller,High,259,183,08/25/1994
Miller,High,260,216,9/01/1994
Miller,High,261,143,9/08/1994
Miller,High,266,173,10/13/1994
Miller,High,267,145,10/20/1994
Miller,High,268,258,10/27/1994
Miller,High,269,276,11/03/1994
Miller,High,270,283,11/10/1994
Miller,High,271,169,11/17/1994
Miller,High,272,209,11/24/1994
Miller,High,273,174,12/01/1994
Miller,High,274,148,12/08/1994
Miller,High,275,199,12/15/1994
Miller,High,276,185,12/22/1994
Miller,High,277,157,12/29/1994
Miller,High,278,214,1/05/1995
Miller,High,279,165,1/12/1995
Miller,High,280,258,01/19/1995
Miller,High,281,273,01/26/1995
Miller,High,282,214,2/02/1995
Miller,High,283,165,2/09/1995
Miller,High,286,147,3/02/1995
Miller,High,287,198,3/09/1995
Miller,High,288,194,03/16/1995
Miller,High,289,131,03/23/1995
Miller,High,290,133,03/30/1995
Miller,High,291,184,4/06/1995
Miller,High,292,223,04/13/1995
Miller,High,293,132,04/20/1995
Miller,High,294,206,04/27/1995
Miller,High,295,264,5/04/1995
Miller,High,296,280,5/11/1995
Miller,High,297,236,05/18/1995
Miller,High,298,358,05/25/1995
Miller,High,299,219,6/01/1995
Miller,High,300,183,6/08/1995
Miller,High,301,273,06/15/1995
Miller,High,302,294,06/22/1995
Miller,High,303,462,06/29/1995
Miller,High,304,242,7/06/1995
Miller,High,305,344,07/13/1995
Miller,High,306,321,07/20/1995
Miller,High,307,287,07/27/1995
Miller,High,308,310,8/03/1995
Miller,High,309,264,8/10/1995
Miller,High,310,247,08/17/1995
Miller,High,311,217,08/24/1995
Miller,High,312,374,08/31/1995
Miller,High,313,250,9/07/1995
Miller,High,314,218,09/14/1995
Miller,High,315,160,09/21/1995
Miller,High,316,249,09/28/1995
Miller,High,317,290,10/05/1995
Miller,High,318,24,10/12/1995
Miller,High,319,20,10/19/1995
Miller,High,320,20,10/26/1995
Miller,High,321,28,11/02/1995
Miller,High,322,23,11/09/1995
Miller,High,323,33,11/16/1995
Miller,High,324,15,11/23/1995
Miller,High,325,10,11/30/1995
Miller,High,326,8,12/07/1995
Miller,High,327,17,12/14/1995
Miller,High,328,21,12/21/1995
Miller,High,329,24,12/28/1995
Miller,High,330,11,1/04/1996
Miller,High,331,16,1/11/1996
Miller,High,332,14,01/18/1996
Miller,High,333,8,01/25/1996
Miller,High,334,10,2/01/1996
Miller,High,335,13,2/08/1996
Miller,High,336,18,02/15/1996
Miller,High,337,14,02/22/1996
Miller,High,338,20,02/29/1996
Miller,High,339,10,3/07/1996
Miller,High,340,14,03/14/1996
Miller,High,341,15,03/21/1996
Miller,High,342,10,03/28/1996
Miller,High,343,12,4/04/1996
Miller,High,344,11,4/11/1996
Miller,High,345,13,04/18/1996
Miller,High,346,27,04/25/1996
Miller,High,347,16,5/02/1996
Miller,High,348,12,5/09/1996
Miller,High,349,14,05/16/1996
Miller,High,350,17,05/23/1996
Miller,High,351,13,05/30/1996
Miller,High,352,17,6/06/1996
Miller,High,353,21,06/13/1996
Miller,High,354,11,06/20/1996
Miller,High,355,17,06/27/1996
Miller,High,356,10,7/04/1996
Miller,High,357,6,7/11/1996
Miller,High,358,6,07/18/1996
Miller,High,359,2,07/25/1996
Miller,High,360,5,8/01/1996
Miller,High,361,8,8/08/1996
Miller,High,362,6,08/15/1996
Miller,High,363,8,08/22/1996
Miller,High,364,17,08/29/1996
Miller,High,365,9,9/05/1996
Miller,High,366,3,9/12/1996
Miller,High,367,7,09/19/1996
Miller,High,368,16,09/26/1996
Miller,High,369,4,10/03/1996
Miller,High,370,4,10/10/1996
Miller,High,371,5,10/17/1996
Miller,High,372,3,10/24/1996
Miller,High,373,10,10/31/1996
Miller,High,374,5,11/07/1996
Miller,High,375,6,11/14/1996
Miller,High,376,8,11/21/1996
Miller,High,377,11,11/28/1996
Miller,High,378,2,12/05/1996
Miller,High,379,8,12/12/1996
Miller,High,380,5,12/19/1996
Miller,High,381,15,12/26/1996
Miller,High,382,4,1/02/1997
Miller,High,383,1,1/09/1997
Miller,High,384,7,01/16/1997
Miller,High,385,11,01/23/1997
Miller,High,386,10,01/30/1997
Miller,High,387,10,2/06/1997
Miller,High,388,10,02/13/1997
Miller,High,389,7,02/20/1997
Miller,High,390,7,02/27/1997
Miller,High,391,2,3/06/1997
Miller,High,392,8,03/13/1997
Miller,High,393,6,03/20/1997
Miller,High,394,6,03/27/1997
Miller,High,395,6,4/03/1997
Miller,High,396,8,4/10/1997
Miller,High,397,9,04/17/1997
Miller,High,398,3,04/24/1997
Miller,High,399,6,5/01/1997
Miller,Low,91,31,6/06/1991
Miller,Low,92,38,06/13/1991
Miller,Low,93,19,06/20/1991
Miller,Low,94,62,06/27/1991
Miller,Low,95,114,7/04/1991
Miller,Low,96,31,7/11/1991
Miller,Low,97,28,07/18/1991
Miller,Low,98,24,07/25/1991
Miller,Low,99,29,8/01/1991
Miller,Low,100,38,8/08/1991
Miller,Low,101,21,08/15/1991
Miller,Low,102,22,08/22/1991
Miller,Low,103,38,08/29/1991
Miller,Low,104,54,9/05/1991
Miller,Low,105,33,9/12/1991
Miller,Low,106,14,09/19/1991
Miller,Low,107,18,09/26/1991
Miller,Low,108,18,10/03/1991
Miller,Low,109,39,10/10/1991
Miller,Low,110,19,10/17/1991
Miller,Low,111,26,10/24/1991
Miller,Low,112,41,10/31/1991
Miller,Low,113,27,11/07/1991
Miller,Low,114,21,11/14/1991
Miller,Low,115,20,11/21/1991
Miller,Low,116,64,11/28/1991
Miller,Low,117,11,12/05/1991
Miller,Low,118,5,12/12/1991
Miller,Low,119,10,12/19/1991
Miller,Low,120,41,12/26/1991
Miller,Low,121,30,1/02/1992
Miller,Low,122,13,1/09/1992
Miller,Low,123,4,01/16/1992
Miller,Low,124,1,01/23/1992
Miller,Low,125,4,01/30/1992
Miller,Low,126,4,2/06/1992
Miller,Low,127,10,02/13/1992
Miller,Low,128,31,02/20/1992
Miller,Low,129,17,02/27/1992
Miller,Low,130,22,3/05/1992
Miller,Low,131,14,3/12/1992
Miller,Low,132,23,03/19/1992
Miller,Low,133,34,03/26/1992
Miller,Low,134,19,4/02/1992
Miller,Low,135,29,4/09/1992
Miller,Low,136,27,04/16/1992
Miller,Low,137,27,04/23/1992
Miller,Low,138,21,04/30/1992
Miller,Low,139,25,5/07/1992
Miller,Low,140,31,05/14/1992
Miller,Low,141,44,05/21/1992
Miller,Low,142,46,05/28/1992
Miller,Low,143,30,6/04/1992
Miller,Low,144,41,6/11/1992
Miller,Low,145,39,06/18/1992
Miller,Low,146,6,06/25/1992
Miller,Low,147,36,7/02/1992
Miller,Low,148,41,7/09/1992
Miller,Low,149,31,07/16/1992
Miller,Low,150,24,07/23/1992
Miller,Low,151,24,07/30/1992
Miller,Low,152,31,8/06/1992
Miller,Low,153,41,08/13/1992
Miller,Low,154,27,08/20/1992
Miller,Low,155,23,08/27/1992
Miller,Low,156,52,9/03/1992
Miller,Low,157,14,9/10/1992
Miller,Low,158,19,09/17/1992
Miller,Low,159,24,09/24/1992
Miller,Low,160,34,10/01/1992
Miller,Low,161,20,10/08/1992
Miller,Low,162,17,10/15/1992
Miller,Low,163,22,10/22/1992
Miller,Low,164,18,10/29/1992
Miller,Low,165,28,11/05/1992
Miller,Low,166,24,11/12/1992
Miller,Low,167,49,11/19/1992
Miller,Low,168,26,11/26/1992
Miller,Low,169,33,12/03/1992
Miller,Low,170,35,12/10/1992
Miller,Low,171,12,12/17/1992
Miller,Low,172,65,12/24/1992
Miller,Low,173,15,12/31/1992
Miller,Low,174,27,1/07/1993
Miller,Low,175,40,01/14/1993
Miller,Low,176,23,01/21/1993
Miller,Low,177,36,01/28/1993
Miller,Low,178,23,2/04/1993
Miller,Low,179,30,2/11/1993
Miller,Low,180,30,02/18/1993
Miller,Low,181,38,02/25/1993
Miller,Low,182,37,3/04/1993
Miller,Low,183,32,3/11/1993
Miller,Low,184,31,03/18/1993
Miller,Low,185,50,03/25/1993
Miller,Low,186,32,4/01/1993
Miller,Low,187,36,4/08/1993
Miller,Low,188,22,04/15/1993
Miller,Low,189,41,04/22/1993
Miller,Low,190,36,04/29/1993
Miller,Low,191,44,5/06/1993
Miller,Low,192,53,05/13/1993
Miller,Low,193,75,05/20/1993
Miller,Low,194,46,05/27/1993
Miller,Low,195,78,6/03/1993
Miller,Low,196,54,6/10/1993
Miller,Low,197,65,06/17/1993
Miller,Low,198,52,06/24/1993
Miller,Low,199,89,7/01/1993
Miller,Low,200,45,7/08/1993
Miller,Low,201,65,07/15/1993
Miller,Low,202,64,07/22/1993
Miller,Low,203,46,07/29/1993
Miller,Low,204,38,8/05/1993
Miller,Low,205,47,8/12/1993
Miller,Low,206,38,08/19/1993
Miller,Low,207,38,08/26/1993
Miller,Low,208,43,9/02/1993
Miller,Low,209,36,9/09/1993
Miller,Low,210,28,09/16/1993
Miller,Low,211,44,09/23/1993
Miller,Low,212,31,09/30/1993
Miller,Low,213,32,10/07/1993
Miller,Low,214,59,10/14/1993
Miller,Low,215,38,10/21/1993
Miller,Low,216,26,10/28/1993
Miller,Low,217,38,11/04/1993
Miller,Low,218,52,11/11/1993
Miller,Low,220,38,11/25/1993
Miller,Low,221,42,12/02/1993
Miller,Low,222,48,12/09/1993
Miller,Low,223,46,12/16/1993
Miller,Low,224,60,12/23/1993
Miller,Low,225,47,12/30/1993
Miller,Low,226,36,1/06/1994
Miller,Low,227,51,01/13/1994
Miller,Low,228,45,01/20/1994
Miller,Low,229,92,01/27/1994
Miller,Low,230,57,2/03/1994
Miller,Low,231,47,2/10/1994
Miller,Low,232,57,02/17/1994
Miller,Low,233,47,02/24/1994
Miller,Low,234,28,3/03/1994
Miller,Low,235,29,3/10/1994
Miller,Low,236,39,03/17/1994
Miller,Low,237,40,03/24/1994
Miller,Low,238,62,03/31/1994
Miller,Low,239,49,4/07/1994
Miller,Low,240,88,04/14/1994
Miller,Low,241,64,04/21/1994
Miller,Low,242,30,04/28/1994
Miller,Low,243,50,5/05/1994
Miller,Low,244,66,5/12/1994
Miller,Low,245,79,05/19/1994
Miller,Low,246,146,05/26/1994
Miller,Low,247,46,6/02/1994
Miller,Low,248,75,6/09/1994
Miller,Low,249,79,06/16/1994
Miller,Low,250,71,06/23/1994
Miller,Low,251,144,06/30/1994
Miller,Low,252,51,7/07/1994
Miller,Low,253,78,07/14/1994
Miller,Low,254,78,07/21/1994
Miller,Low,255,96,07/28/1994
Miller,Low,256,105,8/04/1994
Miller,Low,257,80,8/11/1994
Miller,Low,258,71,08/18/1994
Miller,Low,259,67,08/25/1994
Miller,Low,260,121,9/01/1994
Miller,Low,261,73,9/08/1994
Miller,Low,266,67,10/13/1994
Miller,Low,267,49,10/20/1994
Miller,Low,268,67,10/27/1994
Miller,Low,269,67,11/03/1994
Miller,Low,270,48,11/10/1994
Miller,Low,271,36,11/17/1994
Miller,Low,272,46,11/24/1994
Miller,Low,273,67,12/01/1994
Miller,Low,274,63,12/08/1994
Miller,Low,275,80,12/15/1994
Miller,Low,276,59,12/22/1994
Miller,Low,277,42,12/29/1994
Miller,Low,278,67,1/05/1995
Miller,Low,279,49,1/12/1995
Miller,Low,280,71,01/19/1995
Miller,Low,281,73,01/26/1995
Miller,Low,282,70,2/02/1995
Miller,Low,283,47,2/09/1995
Miller,Low,286,44,3/02/1995
Miller,Low,287,62,3/09/1995
Miller,Low,288,40,03/16/1995
Miller,Low,289,36,03/23/1995
Miller,Low,290,31,03/30/1995
Miller,Low,291,36,4/06/1995
Miller,Low,292,40,04/13/1995
Miller,Low,293,27,04/20/1995
Miller,Low,294,40,04/27/1995
Miller,Low,295,30,5/04/1995
Miller,Low,296,44,5/11/1995
Miller,Low,297,35,05/18/1995
Miller,Low,298,70,05/25/1995
Miller,Low,299,49,6/01/1995
Miller,Low,300,41,6/08/1995
Miller,Low,301,81,06/15/1995
Miller,Low,302,57,06/22/1995
Miller,Low,303,90,06/29/1995
Miller,Low,304,49,7/06/1995
Miller,Low,305,62,07/13/1995
Miller,Low,306,66,07/20/1995
Miller,Low,307,67,07/27/1995
Miller,Low,308,53,8/03/1995
Miller,Low,309,58,8/10/1995
Miller,Low,310,46,08/17/1995
Miller,Low,311,31,08/24/1995
Miller,Low,312,60,08/31/1995
Miller,Low,313,47,9/07/1995
Miller,Low,314,43,09/14/1995
Miller,Low,315,32,09/21/1995
Miller,Low,316,49,09/28/1995
Miller,Low,317,50,10/05/1995
Miller,Low,320,1,10/26/1995
Miller,Low,323,2,11/16/1995
Miller,Low,350,4,05/23/1996
Miller,Low,351,2,05/30/1996
Miller,Low,352,10,6/06/1996
Miller,Low,353,4,06/13/1996
Miller,Low,354,10,06/20/1996
Miller,Low,355,12,06/27/1996
Miller,Low,356,8,7/04/1996
Miller,Low,357,5,7/11/1996
Miller,Low,358,9,07/18/1996
Miller,Low,359,6,07/25/1996
Miller,Low,360,4,8/01/1996
Miller,Low,361,6,8/08/1996
Miller,Low,362,10,08/15/1996
Miller,Low,363,5,08/22/1996
Miller,Low,364,8,08/29/1996
Miller,Low,365,9,9/05/1996
Miller,Low,366,6,9/12/1996
Miller,Low,367,5,09/19/1996
Miller,Low,368,10,09/26/1996
Miller,Low,369,7,10/03/1996
Miller,Low,370,7,10/10/1996
Miller,Low,371,5,10/17/1996
Miller,Low,372,8,10/24/1996
Miller,Low,373,3,10/31/1996
Miller,Low,374,4,11/07/1996
Miller,Low,375,5,11/14/1996
Miller,Low,376,12,11/21/1996
Miller,Low,377,13,11/28/1996
Miller,Low,378,4,12/05/1996
Miller,Low,380,4,12/19/1996
Miller,Low,381,14,12/26/1996
Miller,Low,382,18,1/02/1997
Miller,Low,383,2,1/09/1997
Miller,Low,384,9,01/16/1997
Miller,Low,385,7,01/23/1997
Miller,Low,386,4,01/30/1997
Miller,Low,387,5,2/06/1997
Miller,Low,388,5,02/13/1997
Miller,Low,389,7,02/20/1997
Miller,Low,390,8,02/27/1997
Miller,Low,391,9,3/06/1997
Miller,Low,392,8,03/13/1997
Miller,Low,393,3,03/20/1997
Miller,Low,394,3,03/27/1997
Miller,Low,395,10,4/03/1997
Miller,Low,396,11,4/10/1997
Miller,Low,397,4,04/17/1997
Miller,Low,398,7,04/24/1997
Miller,Low,399,5,5/01/1997
Miller,Medium,91,146,6/06/1991
Miller,Medium,92,225,06/13/1991
Miller,Medium,93,233,06/20/1991
Miller,Medium,94,312,06/27/1991
Miller,Medium,95,572,7/04/1991
Miller,Medium,96,398,7/11/1991
Miller,Medium,97,237,07/18/1991
Miller,Medium,98,247,07/25/1991
Miller,Medium,99,282,8/01/1991
Miller,Medium,100,308,8/08/1991
Miller,Medium,101,220,08/15/1991
Miller,Medium,102,254,08/22/1991
Miller,Medium,103,406,08/29/1991
Miller,Medium,104,473,9/05/1991
Miller,Medium,105,320,9/12/1991
Miller,Medium,106,223,09/19/1991
Miller,Medium,107,171,09/26/1991
Miller,Medium,108,206,10/03/1991
Miller,Medium,109,178,10/10/1991
Miller,Medium,110,178,10/17/1991
Miller,Medium,111,189,10/24/1991
Miller,Medium,112,249,10/31/1991
Miller,Medium,113,228,11/07/1991
Miller,Medium,114,225,11/14/1991
Miller,Medium,115,199,11/21/1991
Miller,Medium,116,416,11/28/1991
Miller,Medium,117,237,12/05/1991
Miller,Medium,118,205,12/12/1991
Miller,Medium,119,180,12/19/1991
Miller,Medium,120,440,12/26/1991
Miller,Medium,121,258,1/02/1992
Miller,Medium,122,123,1/09/1992
Miller,Medium,123,143,01/16/1992
Miller,Medium,124,202,01/23/1992
Miller,Medium,125,274,01/30/1992
Miller,Medium,126,202,2/06/1992
Miller,Medium,127,226,02/13/1992
Miller,Medium,128,174,02/20/1992
Miller,Medium,129,205,02/27/1992
Miller,Medium,130,194,3/05/1992
Miller,Medium,131,213,3/12/1992
Miller,Medium,132,252,03/19/1992
Miller,Medium,133,216,03/26/1992
Miller,Medium,134,232,4/02/1992
Miller,Medium,135,249,4/09/1992
Miller,Medium,136,240,04/16/1992
Miller,Medium,137,299,04/23/1992
Miller,Medium,138,179,04/30/1992
Miller,Medium,139,211,5/07/1992
Miller,Medium,140,315,05/14/1992
Miller,Medium,141,423,05/21/1992
Miller,Medium,142,380,05/28/1992
Miller,Medium,143,203,6/04/1992
Miller,Medium,144,257,6/11/1992
Miller,Medium,145,244,06/18/1992
Miller,Medium,146,61,06/25/1992
Miller,Medium,147,388,7/02/1992
Miller,Medium,148,579,7/09/1992
Miller,Medium,149,226,07/16/1992
Miller,Medium,150,288,07/23/1992
Miller,Medium,151,429,07/30/1992
Miller,Medium,152,263,8/06/1992
Miller,Medium,153,232,08/13/1992
Miller,Medium,154,170,08/20/1992
Miller,Medium,155,241,08/27/1992
Miller,Medium,156,364,9/03/1992
Miller,Medium,157,217,9/10/1992
Miller,Medium,158,256,09/17/1992
Miller,Medium,159,201,09/24/1992
Miller,Medium,160,142,10/01/1992
Miller,Medium,161,130,10/08/1992
Miller,Medium,162,167,10/15/1992
Miller,Medium,163,235,10/22/1992
Miller,Medium,164,218,10/29/1992
Miller,Medium,165,100,11/05/1992
Miller,Medium,166,207,11/12/1992
Miller,Medium,167,439,11/19/1992
Miller,Medium,168,218,11/26/1992
Miller,Medium,169,177,12/03/1992
Miller,Medium,170,151,12/10/1992
Miller,Medium,171,65,12/17/1992
Miller,Medium,172,751,12/24/1992
Miller,Medium,173,188,12/31/1992
Miller,Medium,174,168,1/07/1993
Miller,Medium,175,158,01/14/1993
Miller,Medium,176,229,01/21/1993
Miller,Medium,177,265,01/28/1993
Miller,Medium,178,165,2/04/1993
Miller,Medium,179,146,2/11/1993
Miller,Medium,180,213,02/18/1993
Miller,Medium,181,188,02/25/1993
Miller,Medium,182,180,3/04/1993
Miller,Medium,183,233,3/11/1993
Miller,Medium,184,159,03/18/1993
Miller,Medium,185,249,03/25/1993
Miller,Medium,186,212,4/01/1993
Miller,Medium,187,240,4/08/1993
Miller,Medium,188,175,04/15/1993
Miller,Medium,189,157,04/22/1993
Miller,Medium,190,123,04/29/1993
Miller,Medium,191,250,5/06/1993
Miller,Medium,192,225,05/13/1993
Miller,Medium,193,195,05/20/1993
Miller,Medium,194,293,05/27/1993
Miller,Medium,195,436,6/03/1993
Miller,Medium,196,194,6/10/1993
Miller,Medium,197,142,06/17/1993
Miller,Medium,198,169,06/24/1993
Miller,Medium,199,529,7/01/1993
Miller,Medium,200,281,7/08/1993
Miller,Medium,201,211,07/15/1993
Miller,Medium,202,166,07/22/1993
Miller,Medium,203,283,07/29/1993
Miller,Medium,204,252,8/05/1993
Miller,Medium,205,136,8/12/1993
Miller,Medium,206,143,08/19/1993
Miller,Medium,207,155,08/26/1993
Miller,Medium,208,178,9/02/1993
Miller,Medium,209,162,9/09/1993
Miller,Medium,210,155,09/16/1993
Miller,Medium,211,120,09/23/1993
Miller,Medium,212,170,09/30/1993
Miller,Medium,213,119,10/07/1993
Miller,Medium,214,115,10/14/1993
Miller,Medium,215,130,10/21/1993
Miller,Medium,216,148,10/28/1993
Miller,Medium,217,190,11/04/1993
Miller,Medium,218,156,11/11/1993
Miller,Medium,220,290,11/25/1993
Miller,Medium,221,164,12/02/1993
Miller,Medium,222,159,12/09/1993
Miller,Medium,223,234,12/16/1993
Miller,Medium,224,288,12/23/1993
Miller,Medium,225,257,12/30/1993
Miller,Medium,226,173,1/06/1994
Miller,Medium,227,154,01/13/1994
Miller,Medium,228,167,01/20/1994
Miller,Medium,229,480,01/27/1994
Miller,Medium,230,137,2/03/1994
Miller,Medium,231,119,2/10/1994
Miller,Medium,232,137,02/17/1994
Miller,Medium,233,119,02/24/1994
Miller,Medium,234,159,3/03/1994
Miller,Medium,235,220,3/10/1994
Miller,Medium,236,193,03/17/1994
Miller,Medium,237,160,03/24/1994
Miller,Medium,238,226,03/31/1994
Miller,Medium,239,128,4/07/1994
Miller,Medium,240,176,04/14/1994
Miller,Medium,241,209,04/21/1994
Miller,Medium,242,161,04/28/1994
Miller,Medium,243,128,5/05/1994
Miller,Medium,244,172,5/12/1994
Miller,Medium,245,171,05/19/1994
Miller,Medium,246,338,05/26/1994
Miller,Medium,247,198,6/02/1994
Miller,Medium,248,172,6/09/1994
Miller,Medium,249,179,06/16/1994
Miller,Medium,250,175,06/23/1994
Miller,Medium,251,365,06/30/1994
Miller,Medium,252,165,7/07/1994
Miller,Medium,253,149,07/14/1994
Miller,Medium,254,175,07/21/1994
Miller,Medium,255,180,07/28/1994
Miller,Medium,256,115,8/04/1994
Miller,Medium,257,131,8/11/1994
Miller,Medium,258,141,08/18/1994
Miller,Medium,259,154,08/25/1994
Miller,Medium,260,166,9/01/1994
Miller,Medium,261,101,9/08/1994
Miller,Medium,266,164,10/13/1994
Miller,Medium,267,138,10/20/1994
Miller,Medium,268,201,10/27/1994
Miller,Medium,269,210,11/03/1994
Miller,Medium,270,148,11/10/1994
Miller,Medium,271,122,11/17/1994
Miller,Medium,272,120,11/24/1994
Miller,Medium,273,167,12/01/1994
Miller,Medium,274,131,12/08/1994
Miller,Medium,275,171,12/15/1994
Miller,Medium,276,163,12/22/1994
Miller,Medium,277,78,12/29/1994
Miller,Medium,278,151,1/05/1995
Miller,Medium,279,146,1/12/1995
Miller,Medium,280,195,01/19/1995
Miller,Medium,281,157,01/26/1995
Miller,Medium,282,148,2/02/1995
Miller,Medium,283,148,2/09/1995
Miller,Medium,286,119,3/02/1995
Miller,Medium,287,123,3/09/1995
Miller,Medium,288,104,03/16/1995
Miller,Medium,289,106,03/23/1995
Miller,Medium,290,86,03/30/1995
Miller,Medium,291,113,4/06/1995
Miller,Medium,292,164,04/13/1995
Miller,Medium,293,101,04/20/1995
Miller,Medium,294,126,04/27/1995
Miller,Medium,295,159,5/04/1995
Miller,Medium,296,185,5/11/1995
Miller,Medium,297,145,05/18/1995
Miller,Medium,298,268,05/25/1995
Miller,Medium,299,154,6/01/1995
Miller,Medium,300,118,6/08/1995
Miller,Medium,301,198,06/15/1995
Miller,Medium,302,232,06/22/1995
Miller,Medium,303,353,06/29/1995
Miller,Medium,304,144,7/06/1995
Miller,Medium,305,204,07/13/1995
Miller,Medium,306,179,07/20/1995
Miller,Medium,307,198,07/27/1995
Miller,Medium,308,202,8/03/1995
Miller,Medium,309,171,8/10/1995
Miller,Medium,310,161,08/17/1995
Miller,Medium,311,141,08/24/1995
Miller,Medium,312,242,08/31/1995
Miller,Medium,313,133,9/07/1995
Miller,Medium,314,129,09/14/1995
Miller,Medium,315,103,09/21/1995
Miller,Medium,316,133,09/28/1995
Miller,Medium,317,152,10/05/1995
Miller,Medium,318,9,10/12/1995
Miller,Medium,319,10,10/19/1995
Miller,Medium,320,12,10/26/1995
Miller,Medium,321,4,11/02/1995
Miller,Medium,322,5,11/09/1995
Miller,Medium,323,14,11/16/1995
Miller,Medium,324,1,11/23/1995
Miller,Medium,325,1,11/30/1995
Miller,Medium,326,4,12/07/1995
Miller,Medium,328,5,12/21/1995
Miller,Medium,329,3,12/28/1995
Miller,Medium,333,1,01/25/1996
Miller,Medium,334,1,2/01/1996
Miller,Medium,335,1,2/08/1996
Miller,Medium,338,1,02/29/1996
Miller,Medium,339,1,3/07/1996
Miller,Medium,340,1,03/14/1996
Miller,Medium,342,1,03/28/1996
Miller,Medium,346,1,04/25/1996